Part Number,IN Stock,Date Time
A101-10-L,5,2025-07-02
A101-10-M,5,2025-07-02
A101-10-S,5,2025-07-02
A101-10-XL,5,2025-07-02
A101-10-XXL,5,2025-07-02
A101-10-XXXL,5,2025-07-02
A101-1-L,5,2025-07-02
A101-1-M,5,2025-07-02
A101-1-S,5,2025-07-02
A101-1-XL,5,2025-07-02
A101-1-XXL,5,2025-07-02
A101-1-XXXL,5,2025-07-02
A101-4-L,5,2025-07-02
A101-4-XL,5,2025-07-02
A101-7-L,5,2025-07-02
A101-7-M,5,2025-07-02
A101-7-S,5,2025-07-02
A101-7-XL,5,2025-07-02
A101-7-XXL,5,2025-07-02
A101-7-XXXL,5,2025-07-02
A101-7-XXXXL,5,2025-07-02
A103-1-L,5,2025-07-02
A103-1-M,5,2025-07-02
A103-1-S,5,2025-07-02
A103-1-XL,5,2025-07-02
A104-1-L,5,2025-07-02
A104-1-M,5,2025-07-02
A104-1-S,5,2025-07-02
A104-1-XL,5,2025-07-02
A104-1-XXL,5,2025-07-02
A104-1-XXXL,5,2025-07-02
A104-3-L,5,2025-07-02
A104-3-M,5,2025-07-02
A104-3-S,5,2025-07-02
A104-3-XL,5,2025-07-02
A104-3-XXL,5,2025-07-02
A104-3-XXXL,5,2025-07-02
A107-1,5,2025-07-02
A107-2,5,2025-07-02
A107-3,5,2025-07-02
A107-4,5,2025-07-02
A107-5,5,2025-07-02
A107-6,5,2025-07-02
A107-7,5,2025-07-02
A107-8,5,2025-07-02
A108-1,5,2025-07-02
ADK-LT100G,5,2025-07-02
ADK-LT100R,5,2025-07-02
ADK-LT101G,5,2025-07-02
ADK-LT101R,5,2025-07-02
BK1,5,2025-07-02
BK2,5,2025-07-02
BOR000904,5,2025-07-02
BOR000910,5,2025-07-02
BOR000937,5,2025-07-02
BOR000940,5,2025-07-02
BOR000941,5,2025-07-02
BOR000943,5,2025-07-02
BOR000945,5,2025-07-02
BOR000950,5,2025-07-02
BOR000951,5,2025-07-02
C100,5,2025-07-02
C212D-6,5,2025-07-02
C212D-8,5,2025-07-02
C212S-6,5,2025-07-02
C212S-8,5,2025-07-02
C214D-6,5,2025-07-02
C214D-8,5,2025-07-02
C214S-6,5,2025-07-02
C214S-8,5,2025-07-02
CAK061R-6,5,2025-07-02
CAK061R-8,5,2025-07-02
CAK400R-6,5,2025-07-02
CAK400R-6.75,5,2025-07-02
CAK400R-8,5,2025-07-02
CAK688R-6.75W,5,2025-07-02
CAK688R-7.5W,5,2025-07-02
CAK688R-8.0W,5,2025-07-02
CAK688R-OE,5,2025-07-02
CAK689R-6.75W,5,2025-07-02
CAK689R-8.0W,5,2025-07-02
CAK689R-OE,5,2025-07-02
CAK691R-6.75W,5,2025-07-02
CAK691R-7.5W,5,2025-07-02
CAK691R-8.0W,5,2025-07-02
CAK691R-OE,5,2025-07-02
CAK752R-OE,5,2025-07-02
CAK75XR-OE,5,2025-07-02
CAK858,5,2025-07-02
CK100,5,2025-07-02
CK100-6,5,2025-07-02
CK100-8,5,2025-07-02
CK212D-6,5,2025-07-02
CK212D-8,5,2025-07-02
CK212S-6,5,2025-07-02
CK212S-8,5,2025-07-02
CK214D-6,5,2025-07-02
CK214D-8,5,2025-07-02
CK214S-6,5,2025-07-02
CK214S-8,5,2025-07-02
CL05,5,2025-07-02
COL13A2,5,2025-07-02
COL13A3,5,2025-07-02
COL13S2,5,2025-07-02
COL13S3,5,2025-07-02
COL17A2,5,2025-07-02
COL17A3,5,2025-07-02
COL17S2,5,2025-07-02
COL17S3,5,2025-07-02
COL29A2,5,2025-07-02
COL29A3,5,2025-07-02
COL29S2,5,2025-07-02
COL29S3,5,2025-07-02
COL37A2,5,2025-07-02
COL37A3,5,2025-07-02
COL37S2,5,2025-07-02
COL37S3,5,2025-07-02
CV100-6,5,2025-07-02
CV100-8,5,2025-07-02
CV300,5,2025-07-02
ESP5200,5,2025-07-02
FHA125-B,5,2025-07-02
FHA125-B-SE,5,2025-07-02
FHA125-S,5,2025-07-02
FHA160-B,5,2025-07-02
FHA160-B-SE,5,2025-07-02
FHA160-J,5,2025-07-02
FHA160-S,5,2025-07-02
FHA160-S-SE,5,2025-07-02
FHA200-B,5,2025-07-02
FHC04.50,5,2025-07-02
FHC04.75,5,2025-07-02
FHC04JK,5,2025-07-02
FHC04L,5,2025-07-02
FHC04S,5,2025-07-02
FHC06C,5,2025-07-02
FHC06CS,5,2025-07-02
FHC08,5,2025-07-02
FHC09C,5,2025-07-02
FHC09CS,5,2025-07-02
FHC10,5,2025-07-02
FHC11C,5,2025-07-02
FHC11CS,5,2025-07-02
FHC12,5,2025-07-02
FHC13C,5,2025-07-02
FHC13CS,5,2025-07-02
FHC14,5,2025-07-02
FHC15C,5,2025-07-02
FHC15CS,5,2025-07-02
FHC18,5,2025-07-02
FHC19C,5,2025-07-02
FHC19CS,5,2025-07-02
FHDV-STD,5,2025-07-02
FHK100P,5,2025-07-02
FHK100RS ,5,2025-07-02
FHK100TC,5,2025-07-02
FHK100TJ,5,2025-07-02
FHK110,5,2025-07-02
FHK200P,5,2025-07-02
FHK200TC,5,2025-07-02
FHK200TJ,5,2025-07-02
FHK300P,5,2025-07-02
FHK300RS,5,2025-07-02
FHK400JK,5,2025-07-02
FHK400JK-1,5,2025-07-02
FHK400P,5,2025-07-02
FHK400RS,5,2025-07-02
FHK400TJ,5,2025-07-02
FHK410,5,2025-07-02
FHK910,5,2025-07-02
FHK920,5,2025-07-02
FHRS1,5,2025-07-02
FHRS2,5,2025-07-02
FHV-CE120,5,2025-07-02
FHV-CE160,5,2025-07-02
FHV-CE185,5,2025-07-02
FHV-CE230,5,2025-07-02
FHV-RR125,5,2025-07-02
FHV-RR160,5,2025-07-02
FLK729,5,2025-07-02
FL-PSC8061,5,2025-07-02
FL-PSC8061-4PAK,5,2025-07-02
FL-PSC8061-CASE,5,2025-07-02
FL-SWE715,5,2025-07-02
FL-SWE715-4PAK,5,2025-07-02
FL-SWE715-CASE,5,2025-07-02
FL-SWE729,5,2025-07-02
H0304-C-04,5,2025-07-02
H0304-C-06,5,2025-07-02
H0304-C-08,5,2025-07-02
H0304-C-10,5,2025-07-02
H0304-C-12,5,2025-07-02
H6400-10-12,5,2025-07-02
H6400-12-12,5,2025-07-02
H6400-6-6,5,2025-07-02
H6400-6-8,5,2025-07-02
H6400-8-8,5,2025-07-02
HA7-645,5,2025-07-02
HA7-690,5,2025-07-02
HA7-HOSE,5,2025-07-02
HA7-STR,5,2025-07-02
HA8-890,5,2025-07-02
HA8-HOSE,5,2025-07-02
HE39106,5,2025-07-02
HE80293,5,2025-07-02
HE91583,5,2025-07-02
HF-LP008,5,2025-07-02
HF-LP012,5,2025-07-02
HF-LP4512,5,2025-07-02
HF-LP9012,5,2025-07-02
HF-LP906,5,2025-07-02
HF-LP908,5,2025-07-02
HK2000,5,2025-07-02
HK2003,5,2025-07-02
HK2015,5,2025-07-02
HK2017,5,2025-07-02
HK2018,5,2025-07-02
HK2020,5,2025-07-02
HK2021,5,2025-07-02
HK2022,5,2025-07-02
HK2023,5,2025-07-02
HK2024,5,2025-07-02
HK2025,5,2025-07-02
HK2032,5,2025-07-02
HK2034-6,5,2025-07-02
HK2035,5,2025-07-02
HK2036,5,2025-07-02
HK2040,5,2025-07-02
HK2041,5,2025-07-02
HK2042,5,2025-07-02
HK2085,5,2025-07-02
HK2086,5,2025-07-02
HK2088-1,5,2025-07-02
HK2088-1-XL,5,2025-07-02
HK2095,5,2025-07-02
HK2098,5,2025-07-02
HK2099,5,2025-07-02
HK2100-6-10,5,2025-07-02
HK2100-6-10-BB,5,2025-07-02
HK2100-6-12,5,2025-07-02
HK2100-8-12,5,2025-07-02
HK2110-6-10,5,2025-07-02
HK2110-6-10-BB,5,2025-07-02
HK2110-6-12,5,2025-07-02
HK2110-8-12,5,2025-07-02
HWK-688-PP,5,2025-07-02
HWK-689-PP,5,2025-07-02
LK700,5,2025-07-02
MB01,5,2025-07-02
MB03K,5,2025-07-02
MB05K,5,2025-07-02
MB06K,5,2025-07-02
MB11K,5,2025-07-02
MB15KA,5,2025-07-02
MB15KB,5,2025-07-02
MB15KC,5,2025-07-02
MB15KD,5,2025-07-02
MB22,5,2025-07-02
MB35,5,2025-07-02
MB35K-1,5,2025-07-02
MB35K-B,5,2025-07-02
MB35K-B-1,5,2025-07-02
MB35K-B-2,5,2025-07-02
MB35K-B-3,5,2025-07-02
MB35K-B-4,5,2025-07-02
MB55K,5,2025-07-02
MB60K,5,2025-07-02
MB740,5,2025-07-02
MB740K-1,5,2025-07-02
MB740K-2,5,2025-07-02
MB80,5,2025-07-02
MB81K,5,2025-07-02
MR06,5,2025-07-02
MR07,5,2025-07-02
PA250,5,2025-07-02
PA500,5,2025-07-02
PA501,5,2025-07-02
PA700,5,2025-07-02
PA806,5,2025-07-02
PA807,5,2025-07-02
PA808,5,2025-07-02
PK1100X,5,2025-07-02
PK1100X-A,5,2025-07-02
PK1100XH,5,2025-07-02
PK1100XH-A,5,2025-07-02
PK1100XH-P,5,2025-07-02
PK1100X-P,5,2025-07-02
PK1150X,5,2025-07-02
PK1150X-A,5,2025-07-02
PK1150XH,5,2025-07-02
PK1150XH-A,5,2025-07-02
PK1150XH-P,5,2025-07-02
PK1150X-P,5,2025-07-02
PK1200X,5,2025-07-02
PK1230,5,2025-07-02
PK1405,5,2025-07-02
PK1405-12,5,2025-07-02
PK1405F,5,2025-07-02
PK1405H,5,2025-07-02
PK1405X,5,2025-07-02
PK1405X-8-12,5,2025-07-02
PK1490,5,2025-07-02
PK150,5,2025-07-02
PK1860,5,2025-07-02
PK1862,5,2025-07-02
PK20JP1,5,2025-07-02
PK30JP1,5,2025-07-02
PK36JP1,5,2025-07-02
PK36JP1-FH,5,2025-07-02
PK36JP2,5,2025-07-02
PK36JP3,5,2025-07-02
PK38JP1,5,2025-07-02
PK38JP1-FH,5,2025-07-02
PK40JP1,5,2025-07-02
PK40JP1-2,5,2025-07-02
PK40JP2,5,2025-07-02
PK40JP2-FH,5,2025-07-02
PK64JP1,5,2025-07-02
PK73FDP,5,2025-07-02
PK-FHK-P,5,2025-07-02
PK-FHK-P185,5,2025-07-02
PK-FHK-TC,5,2025-07-02
PP2401,5,2025-07-02
PP2402,5,2025-07-02
PP2404,5,2025-07-02
PP2409,5,2025-07-02
PP2444A,5,2025-07-02
PP2450,5,2025-07-02
PP2456,5,2025-07-02
PP2457,5,2025-07-02
PP2465,5,2025-07-02
PP3400,5,2025-07-02
PP3401,5,2025-07-02
PP3402,5,2025-07-02
PP3403,5,2025-07-02
PP3508,5,2025-07-02
PP3608,5,2025-07-02
PP3608A,5,2025-07-02
PP3609,5,2025-07-02
PP4104-1,5,2025-07-02
PP4104-2,5,2025-07-02
PP4105,5,2025-07-02
PSP01,5,2025-07-02
PVS-100,5,2025-07-02
RA-33500,5,2025-07-02
RA-360,5,2025-07-02
REHS08S,5,2025-07-02
REHS10S,5,2025-07-02
REHS12S,5,2025-07-02
REHS14S-A,5,2025-07-02
REHS16S,5,2025-07-02
RESHMS-08-12,5,2025-07-02
RESHMS-10-12,5,2025-07-02
RESHMS-10-14,5,2025-07-02
RESHMS-10-16,5,2025-07-02
RESHMS-12-14,5,2025-07-02
RESHMS-12-16,5,2025-07-02
REXFR10,5,2025-07-02
REXFR10-12,5,2025-07-02
REXML12,5,2025-07-02
REXMR10,5,2025-07-02
REXMR12,5,2025-07-02
RJ01,5,2025-07-02
RJ02,5,2025-07-02
RP13,5,2025-07-02
RP13C,5,2025-07-02
RP13CP1,5,2025-07-02
RP13CP3,5,2025-07-02
RP13P2,5,2025-07-02
RP13P3,5,2025-07-02
RP15,5,2025-07-02
RR100,5,2025-07-02
RV00,5,2025-07-02
SC16,5,2025-07-02
SC2200,5,2025-07-02
SC2200K,5,2025-07-02
SC2200K-HK,5,2025-07-02
SC2201,5,2025-07-02
SC2201K,5,2025-07-02
SC2205,5,2025-07-02
SC2205K,5,2025-07-02
SC2206,5,2025-07-02
SC2206K,5,2025-07-02
SC2206K-SS,5,2025-07-02
SC2207,5,2025-07-02
SC2207K,5,2025-07-02
SC2212,5,2025-07-02
SC2212K,5,2025-07-02
SC2212K1,5,2025-07-02
SC2213,5,2025-07-02
SC2213K,5,2025-07-02
SC2216,5,2025-07-02
SC2216K,5,2025-07-02
SC2217,5,2025-07-02
SC2217K1,5,2025-07-02
SC2218,5,2025-07-02
SC2218K,5,2025-07-02
SC2221,5,2025-07-02
SC2221K,5,2025-07-02
SC2222,5,2025-07-02
SC2222K,5,2025-07-02
SC2226,5,2025-07-02
SC2226K,5,2025-07-02
SC2226K-T,5,2025-07-02
SC2227,5,2025-07-02
SC2227K1,5,2025-07-02
SC2228,5,2025-07-02
SC2228K1,5,2025-07-02
SC2231,5,2025-07-02
SC2231K,5,2025-07-02
SC2234,5,2025-07-02
SC2234K,5,2025-07-02
SC2238,5,2025-07-02
SC2238K,5,2025-07-02
SC2239K,5,2025-07-02
SCCL01-0,5,2025-07-02
SCCL01KF,5,2025-07-02
SCCL04-0,5,2025-07-02
SCCL04KF,5,2025-07-02
SCCL05-0,5,2025-07-02
SCCL05KF,5,2025-07-02
SCCL06KF,5,2025-07-02
SCK2212KB,5,2025-07-02
SCK2217K,5,2025-07-02
SCK2227K,5,2025-07-02
SCRK1,5,2025-07-02
SCRK2-A,5,2025-07-02
SCRK2-B,5,2025-07-02
SCRK3,5,2025-07-02
SCRK4,5,2025-07-02
SCRK5,5,2025-07-02
SCRK8,5,2025-07-02
SCWP01,5,2025-07-02
SCWP02,5,2025-07-02
SCWP03,5,2025-07-02
SF01,5,2025-07-02
SF02,5,2025-07-02
SF03,5,2025-07-02
SF04,5,2025-07-02
SF07,5,2025-07-02
SF10,5,2025-07-02
SF11,5,2025-07-02
SF23,5,2025-07-02
SF25,5,2025-07-02
SF27,5,2025-07-02
SF29,5,2025-07-02
SFK01,5,2025-07-02
SG039,5,2025-07-02
SG039R,5,2025-07-02
SG061R,5,2025-07-02
SG062R,5,2025-07-02
SG252,5,2025-07-02
SG252B,5,2025-07-02
SG400R,5,2025-07-02
SG652,5,2025-07-02
SG654S,5,2025-07-02
SG684,5,2025-07-02
SG684R,5,2025-07-02
SG684R-RH,5,2025-07-02
SG688,5,2025-07-02
SG688R,5,2025-07-02
SG689R,5,2025-07-02
SG691R,5,2025-07-02
SG691R-RH,5,2025-07-02
SG752,0,2025-07-02
SG752R,0,2025-07-02
SG753R,5,2025-07-02
SG754R,5,2025-07-02
SG755R,5,2025-07-02
SG840,5,2025-07-02
SG840R,5,2025-07-02
SG851,5,2025-07-02
SG851R,5,2025-07-02
SG853,5,2025-07-02
SG853R,5,2025-07-02
SG856,5,2025-07-02
SG856R,5,2025-07-02
SG857R,5,2025-07-02
SGX041-12M,5,2025-07-02
SGX041-12S,5,2025-07-02
SGX041MR,5,2025-07-02
SGX041SR,5,2025-07-02
SGX042-12S,5,2025-07-02
SGX042SR,5,2025-07-02
SK110,5,2025-07-02
SK115,5,2025-07-02
SK210,5,2025-07-02
SK230,5,2025-07-02
SK231,5,2025-07-02
SK232,5,2025-07-02
SK233,5,2025-07-02
SK240,5,2025-07-02
SK241,5,2025-07-02
SK242,5,2025-07-02
SK250,5,2025-07-02
SK251,5,2025-07-02
SK252,5,2025-07-02
SK300,5,2025-07-02
SK310,5,2025-07-02
SK320,5,2025-07-02
SK336,5,2025-07-02
SK337,5,2025-07-02
SK601,5,2025-07-02
SK688R36JP1,5,2025-07-02
SK688R36JP1-6.75W-1.25,5,2025-07-02
SK688R36JP1-6.75W-1.375,5,2025-07-02
SK688R36JP1-6.75W-1.5,5,2025-07-02
SK688R36JP1-6.75W-1.5OS,5,2025-07-02
SK688R36JP1-6.75W-1.625,5,2025-07-02
SK688R36JP1-6.75W-1.75,5,2025-07-02
SK688R36JP1-6.75W-2.0,5,2025-07-02
SK688R36JP1-6.75W-NC,5,2025-07-02
SK688R36JP1-7.5W-1.75,5,2025-07-02
SK688R36JP1-7.5W-NC,5,2025-07-02
SK688R36JP1-8.0W-1.25,5,2025-07-02
SK688R36JP1-8.0W-1.375,5,2025-07-02
SK688R36JP1-8.0W-1.5,5,2025-07-02
SK688R36JP1-8.0W-1.5OS,5,2025-07-02
SK688R36JP1-8.0W-1.625,5,2025-07-02
SK688R36JP1-8.0W-1.75,5,2025-07-02
SK688R36JP1-8.0W-2.0,5,2025-07-02
SK688R36JP1-8.0W-NC,5,2025-07-02
SK688R36JP1-OE-1.25,5,2025-07-02
SK688R36JP1-OE-1.375,5,2025-07-02
SK688R36JP1-OE-1.5,5,2025-07-02
SK688R36JP1-OE-1.5OS,5,2025-07-02
SK688R36JP1-OE-1.625,5,2025-07-02
SK688R36JP1-OE-1.75,5,2025-07-02
SK688R36JP1-OE-2.0,5,2025-07-02
SK688R36JP1-OE-NC,5,2025-07-02
SK688R38JP1,5,2025-07-02
SK688R38JP1-6.75W-1.25,5,2025-07-02
SK688R38JP1-6.75W-1.375,5,2025-07-02
SK688R38JP1-6.75W-1.5,5,2025-07-02
SK688R38JP1-6.75W-1.5OS,5,2025-07-02
SK688R38JP1-6.75W-1.625,5,2025-07-02
SK688R38JP1-6.75W-1.75,5,2025-07-02
SK688R38JP1-6.75W-2.0,5,2025-07-02
SK688R38JP1-6.75W-NC,5,2025-07-02
SK688R38JP1-7.5W-1.75,5,2025-07-02
SK688R38JP1-7.5W-NC ,5,2025-07-02
SK688R38JP1-8.0W-1.25,5,2025-07-02
SK688R38JP1-8.0W-1.375,5,2025-07-02
SK688R38JP1-8.0W-1.5,5,2025-07-02
SK688R38JP1-8.0W-1.5OS,5,2025-07-02
SK688R38JP1-8.0W-1.625,5,2025-07-02
SK688R38JP1-8.0W-1.75,5,2025-07-02
SK688R38JP1-8.0W-2.0,5,2025-07-02
SK688R38JP1-8.0W-NC,5,2025-07-02
SK688R38JP1-OE-1.25,5,2025-07-02
SK688R38JP1-OE-1.375,5,2025-07-02
SK688R38JP1-OE-1.5,5,2025-07-02
SK688R38JP1-OE-1.5OS,5,2025-07-02
SK688R38JP1-OE-1.625,5,2025-07-02
SK688R38JP1-OE-1.75,5,2025-07-02
SK688R38JP1-OE-2.0,5,2025-07-02
SK688R38JP1-OE-NC ,5,2025-07-02
SK689R20JP1,5,2025-07-02
SK689R20JP1-6.75W-1.25,5,2025-07-02
SK689R20JP1-6.75W-1.375,5,2025-07-02
SK689R20JP1-6.75W-1.5,5,2025-07-02
SK689R20JP1-6.75W-1.5OS,5,2025-07-02
SK689R20JP1-6.75W-1.625,5,2025-07-02
SK689R20JP1-6.75W-1.75,5,2025-07-02
SK689R20JP1-6.75W-2.0,5,2025-07-02
SK689R20JP1-6.75W-NC,5,2025-07-02
SK689R20JP1-7.5W-1.75,5,2025-07-02
SK689R20JP1-7.5W-NC,5,2025-07-02
SK689R20JP1-8.0W-1.25,5,2025-07-02
SK689R20JP1-8.0W-1.375,5,2025-07-02
SK689R20JP1-8.0W-1.5,5,2025-07-02
SK689R20JP1-8.0W-1.5OS,5,2025-07-02
SK689R20JP1-8.0W-1.625,5,2025-07-02
SK689R20JP1-8.0W-1.75,5,2025-07-02
SK689R20JP1-8.0W-2.0,5,2025-07-02
SK689R20JP1-8.0W-NC,5,2025-07-02
SK689R20JP1-OE,5,2025-07-02
SK689R36JP2,5,2025-07-02
SK689R36JP2-6.75W-1.25,5,2025-07-02
SK689R36JP2-6.75W-1.375,5,2025-07-02
SK689R36JP2-6.75W-1.5,5,2025-07-02
SK689R36JP2-6.75W-1.5OS,5,2025-07-02
SK689R36JP2-6.75W-1.625,5,2025-07-02
SK689R36JP2-6.75W-1.75,5,2025-07-02
SK689R36JP2-6.75W-2.0,5,2025-07-02
SK689R36JP2-6.75W-NC,5,2025-07-02
SK689R36JP2-7.5W-1.75,5,2025-07-02
SK689R36JP2-7.5W-NC,5,2025-07-02
SK689R36JP2-8.0W-1.25,5,2025-07-02
SK689R36JP2-8.0W-1.375,5,2025-07-02
SK689R36JP2-8.0W-1.5,5,2025-07-02
SK689R36JP2-8.0W-1.5OS,5,2025-07-02
SK689R36JP2-8.0W-1.625,5,2025-07-02
SK689R36JP2-8.0W-1.75,5,2025-07-02
SK689R36JP2-8.0W-2.0,5,2025-07-02
SK689R36JP2-8.0W-NC,5,2025-07-02
SK689R36JP2-OE,5,2025-07-02
SK689R36JP3,5,2025-07-02
SK689R36JP3-6.75W-1.25,5,2025-07-02
SK689R36JP3-6.75W-1.375,5,2025-07-02
SK689R36JP3-6.75W-1.5,5,2025-07-02
SK689R36JP3-6.75W-1.5OS,5,2025-07-02
SK689R36JP3-6.75W-1.625,5,2025-07-02
SK689R36JP3-6.75W-1.75,5,2025-07-02
SK689R36JP3-6.75W-2.0,5,2025-07-02
SK689R36JP3-6.75W-NC,5,2025-07-02
SK689R36JP3-7.5W-1.75,5,2025-07-02
SK689R36JP3-7.5W-NC,5,2025-07-02
SK689R36JP3-8.0W-1.25,5,2025-07-02
SK689R36JP3-8.0W-1.375,5,2025-07-02
SK689R36JP3-8.0W-1.5,5,2025-07-02
SK689R36JP3-8.0W-1.5OS,5,2025-07-02
SK689R36JP3-8.0W-1.625,5,2025-07-02
SK689R36JP3-8.0W-1.75,5,2025-07-02
SK689R36JP3-8.0W-2.0,5,2025-07-02
SK689R36JP3-8.0W-NC,5,2025-07-02
SK689R36JP3-OE,5,2025-07-02
SK689R64JP1,5,2025-07-02
SK689R64JP1-6.75W-1.25,5,2025-07-02
SK689R64JP1-6.75W-1.375,5,2025-07-02
SK689R64JP1-6.75W-1.5,5,2025-07-02
SK689R64JP1-6.75W-1.5OS,5,2025-07-02
SK689R64JP1-6.75W-1.625,5,2025-07-02
SK689R64JP1-6.75W-1.75,5,2025-07-02
SK689R64JP1-6.75W-2.0,5,2025-07-02
SK689R64JP1-6.75W-NC,5,2025-07-02
SK689R64JP1-7.5W-1.75,5,2025-07-02
SK689R64JP1-7.5W-NC,5,2025-07-02
SK689R64JP1-8.0W-1.25,5,2025-07-02
SK689R64JP1-8.0W-1.375,5,2025-07-02
SK689R64JP1-8.0W-1.5,5,2025-07-02
SK689R64JP1-8.0W-1.5OS,5,2025-07-02
SK689R64JP1-8.0W-1.625,5,2025-07-02
SK689R64JP1-8.0W-1.75,5,2025-07-02
SK689R64JP1-8.0W-2.0,5,2025-07-02
SK689R64JP1-8.0W-NC,5,2025-07-02
SK689R64JP1-OE,5,2025-07-02
SK691R30JP1-6.75W-1.25,5,2025-07-02
SK691R30JP1-6.75W-1.375,5,2025-07-02
SK691R30JP1-6.75W-1.5,5,2025-07-02
SK691R30JP1-6.75W-1.625,5,2025-07-02
SK691R30JP1-6.75W-1.75,5,2025-07-02
SK691R30JP1-6.75W-2.0,5,2025-07-02
SK691R30JP1-6.75W-NC,5,2025-07-02
SK691R30JP1-7.5W-1.75,5,2025-07-02
SK691R30JP1-7.5W-NC,5,2025-07-02
SK691R30JP1-8.0W-1.25,5,2025-07-02
SK691R30JP1-8.0W-1.375,5,2025-07-02
SK691R30JP1-8.0W-1.5,5,2025-07-02
SK691R30JP1-8.0W-1.625,5,2025-07-02
SK691R30JP1-8.0W-1.75,5,2025-07-02
SK691R30JP1-8.0W-2.0,5,2025-07-02
SK691R30JP1-8.0W-NC,5,2025-07-02
SK691R30JP1-OE,5,2025-07-02
SK691RBK1-6.75W-1.25,5,2025-07-02
SK691RBK1-6.75W-1.375,5,2025-07-02
SK691RBK1-6.75W-1.5,5,2025-07-02
SK691RBK1-6.75W-1.5OS,5,2025-07-02
SK691RBK1-6.75W-1.625,5,2025-07-02
SK691RBK1-6.75W-1.75,5,2025-07-02
SK691RBK1-6.75W-2.0,5,2025-07-02
SK691RBK1-6.75W-NC,5,2025-07-02
SK691RBK1-7.5W-1.75,5,2025-07-02
SK691RBK1-7.5W-NC,5,2025-07-02
SK691RBK1-8.0W-1.25,5,2025-07-02
SK691RBK1-8.0W-1.375,5,2025-07-02
SK691RBK1-8.0W-1.5,5,2025-07-02
SK691RBK1-8.0W-1.5OS,5,2025-07-02
SK691RBK1-8.0W-1.625,5,2025-07-02
SK691RBK1-8.0W-1.75,5,2025-07-02
SK691RBK1-8.0W-2.0,5,2025-07-02
SK691RBK1-8.0W-NC,5,2025-07-02
SK691RBK1-OE,5,2025-07-02
SK691RBK2-6.75W-1.25,5,2025-07-02
SK691RBK2-6.75W-1.375,5,2025-07-02
SK691RBK2-6.75W-1.5,5,2025-07-02
SK691RBK2-6.75W-1.625,5,2025-07-02
SK691RBK2-6.75W-1.75,5,2025-07-02
SK691RBK2-6.75W-2.0,5,2025-07-02
SK691RBK2-6.75W-NC,5,2025-07-02
SK691RBK2-7.5W-1.75,5,2025-07-02
SK691RBK2-7.5W-NC,5,2025-07-02
SK691RBK2-8.0W-1.25,5,2025-07-02
SK691RBK2-8.0W-1.375,5,2025-07-02
SK691RBK2-8.0W-1.5,5,2025-07-02
SK691RBK2-8.0W-1.625,5,2025-07-02
SK691RBK2-8.0W-1.75,5,2025-07-02
SK691RBK2-8.0W-2.0,5,2025-07-02
SK691RBK2-8.0W-NC,5,2025-07-02
SK691RBK2-OE,5,2025-07-02
SK752R73FDP,0,2025-07-02
SK752R73FDP-OE-1.25,0,2025-07-02
SK752R73FDP-OE-1.375,0,2025-07-02
SK752R73FDP-OE-1.5,0,2025-07-02
SK752R73FDP-OE-1.625,0,2025-07-02
SK752R73FDP-OE-1.75,0,2025-07-02
SK752R73FDP-OE-2.0,0,2025-07-02
SK753-OE,5,2025-07-02
SK754-OE,5,2025-07-02
SK755-OE,5,2025-07-02
SK853,5,2025-07-02
SK856,5,2025-07-02
SK858,5,2025-07-02
SKEC150,5,2025-07-02
SKEC151,5,2025-07-02
SP1200,5,2025-07-02
SP1200X,5,2025-07-02
SP1200X-6-12,5,2025-07-02
SP1200X-8-12,5,2025-07-02
SP1205,5,2025-07-02
SP1205C,5,2025-07-02
SP1210,5,2025-07-02
SP1210X,5,2025-07-02
SP1300KW,5,2025-07-02
SP1305KW-10,5,2025-07-02
SP1305KW-12,5,2025-07-02
SP1400,5,2025-07-02
SP1400F,5,2025-07-02
SP1401,5,2025-07-02
SP1401F,5,2025-07-02
SP1402,5,2025-07-02
SP1402F,5,2025-07-02
SP1403,5,2025-07-02
SP1404,5,2025-07-02
SP1405,5,2025-07-02
SP1405-12,5,2025-07-02
SP1405F,5,2025-07-02
SP1405X,5,2025-07-02
SP1405X-6-12,5,2025-07-02
SP1405X-8-12,5,2025-07-02
SP1406,5,2025-07-02
SP1490,5,2025-07-02
SP1490R,5,2025-07-02
SP1490R-12,5,2025-07-02
SP1490X-12,5,2025-07-02
SP1491,5,2025-07-02
SP32332,5,2025-07-02
SP32362JP,5,2025-07-02
SP33332,5,2025-07-02
SP33332JP,5,2025-07-02
SP33352,5,2025-07-02
SP42362JP,5,2025-07-02
SP43332JP,5,2025-07-02
SP43362J-2402,5,2025-07-02
SP43362J-3608,5,2025-07-02
SP-SD-FCV,5,2025-07-02
SR145-6-10,5,2025-07-02
SR145-8-12,5,2025-07-02
SR146-6-10,5,2025-07-02
SR146-6-10-OA,5,2025-07-02
SR146-6-10-P,5,2025-07-02
SR146-6-10-SA,5,2025-07-02
SR146-6-10-SB,5,2025-07-02
SR146-6-12,5,2025-07-02
SR146-6-12-OA,5,2025-07-02
SR146-8-12,5,2025-07-02
SR146-8-12-OA,5,2025-07-02
SR146H-6-10,5,2025-07-02
SR146H-6-10-OA,5,2025-07-02
SR146H-6-10-P,5,2025-07-02
SR146H-6-10-SA,5,2025-07-02
SR146H-6-10-SB,5,2025-07-02
SR146H-6-12,5,2025-07-02
SR146H-6-12-OA,5,2025-07-02
SR146H-8-12,5,2025-07-02
SR146H-8-12-OA,5,2025-07-02
SR146K-6-10,5,2025-07-02
SR146K-8-12,5,2025-07-02
SR148-6-10,5,2025-07-02
SR148-6-12,5,2025-07-02
SR148-8-10,5,2025-07-02
SR148-8-12,5,2025-07-02
SR148-8-16,5,2025-07-02
SR148H-6-10,5,2025-07-02
SR148H-6-12,5,2025-07-02
SR148H-8-10,5,2025-07-02
SR148H-8-12,5,2025-07-02
SR148HK-6-10,5,2025-07-02
SR148HK-8-10,5,2025-07-02
SR148HK-8-12,5,2025-07-02
SR148K-6-10,5,2025-07-02
SR148K-8-10,5,2025-07-02
SR148K-8-12,5,2025-07-02
SR149 ,5,2025-07-02
SR149JK,5,2025-07-02
SR2001,5,2025-07-02
SR2545-10K,5,2025-07-02
SR2545-12K,5,2025-07-02
SR500,5,2025-07-02
SR-CAP-P,5,2025-07-02
srfil,5,2025-07-02
SRFILTER,5,2025-07-02
SRFILTER3,5,2025-07-02
SR-VLK,5,2025-07-02
SR-VT,5,2025-07-02
SWQR-SP2,5,2025-07-02
SWQR-SP3,5,2025-07-02
TA750-16L,5,2025-07-02
TA750-16R,5,2025-07-02
TA875-14L,5,2025-07-02
TA875-14R,5,2025-07-02
TA875-18L,5,2025-07-02
TA875-18R,5,2025-07-02
TR110XD,5,2025-07-02
TR120HD,5,2025-07-02
TR120XD,5,2025-07-02
TRB10,5,2025-07-02
TRCL1.25,5,2025-07-02
TRCL1.375,5,2025-07-02
TRCL1.5,5,2025-07-02
TRCL1.5-OS,5,2025-07-02
TRCL1.625,5,2025-07-02
TRCL1.75,5,2025-07-02
TRCL2.0,5,2025-07-02
VB01,5,2025-07-02
